{
  "our_scheme": [
    {
      "scenario": "轻载场景",
      "total_packets": 20,
      "successful_verifications": 20,
      "failed_verifications": 0,
      "processing_times": [
        0.0018999999156221747,
        0.002099999619531445,
        0.0015000005078036338,
        0.0013999997463542968,
        0.0018000009731622413,
        0.0017999991541728377,
        0.0015999994502635673,
        0.0015000005078036338,
        0.0013999997463542968,
        0.0015000005078036338,
        0.0015000005078036338,
        0.0015000005078036338,
        0.0013999997463542968,
        0.0017000002117129043,
        0.0013999997463542968,
        0.0013000008038943633,
        0.0017999991541728377,
        0.0016999983927235007,
        0.0017000002117129043,
        0.0014000015653437003
      ],
      "message_sizes": [
        384,
        383,
        385,
        385,
        384,
        385,
        385,
        384,
        383,
        386,
        386,
        385,
        385,
        385,
        385,
        385,
        385,
        385,
        384,
        385
      ],
      "start_time": 1763616293.7696772,
      "end_time": 1763616293.778233,
      "total_time": 0.008555889129638672
    },
    {
      "scenario": "中载场景",
      "total_packets": 50,
      "successful_verifications": 50,
      "failed_verifications": 0,
      "processing_times": [
        0.002099999619531445,
        0.0016000012692529708,
        0.0015000005078036338,
        0.0013999997463542968,
        0.0015000005078036338,
        0.0013999997463542968,
        0.0015999994502635673,
        0.0015000005078036338,
        0.0015000005078036338,
        0.0015000005078036338,
        0.0015000005078036338,
        0.0015000005078036338,
        0.0017000002117129043,
        0.0013999997463542968,
        0.0014000015653437003,
        0.0014999986888142303,
        0.0015000005078036338,
        0.0013999997463542968,
        0.0015999994502635673,
        0.0013999997463542968,
        0.0016999983927235007,
        0.0018000009731622413,
        0.0015000005078036338,
        0.0013999997463542968,
        0.0013999997463542968,
        0.0014000015653437003,
        0.0014999986888142303,
        0.002099999619531445,
        0.0017000002117129043,
        0.0014999986888142303,
        0.0013999997463542968,
        0.0014999986888142303,
        0.0013999997463542968,
        0.0015000005078036338,
        0.0013999997463542968,
        0.0013999997463542968,
        0.0013000008038943633,
        0.0014999986888142303,
        0.0015000005078036338,
        0.0015000005078036338,
        0.0016999983927235007,
        0.0013999997463542968,
        0.0012999989849049598,
        0.0014000015653437003,
        0.0013999997463542968,
        0.0015999994502635673,
        0.0015000005078036338,
        0.0013999997463542968,
        0.0014999986888142303,
        0.0013999997463542968
      ],
      "message_sizes": [
        384,
        383,
        385,
        385,
        384,
        385,
        385,
        384,
        383,
        386,
        386,
        385,
        385,
        385,
        385,
        385,
        385,
        385,
        384,
        385,
        385,
        386,
        385,
        386,
        386,
        385,
        386,
        384,
        385,
        386,
        383,
        385,
        386,
        385,
        384,
        385,
        385,
        384,
        384,
        386,
        383,
        384,
        386,
        384,
        385,
        386,
        384,
        384,
        385,
        384
      ],
      "start_time": 1763616293.7816668,
      "end_time": 1763616293.8019032,
      "total_time": 0.020236492156982422
    },
    {
      "scenario": "重载场景",
      "total_packets": 100,
      "successful_verifications": 100,
      "failed_verifications": 0,
      "processing_times": [
        0.0015000005078036338,
        0.0017999991541728377,
        0.0015000005078036338,
        0.0015000005078036338,
        0.0013999997463542968,
        0.0013999997463542968,
        0.0015000005078036338,
        0.0014999986888142303,
        0.0017000002117129043,
        0.0013999997463542968,
        0.0015000005078036338,
        0.0013999997463542968,
        0.0014999986888142303,
        0.0013999997463542968,
        0.0015000005078036338,
        0.0015000005078036338,
        0.0014999986888142303,
        0.0015000005078036338,
        0.0013999997463542968,
        0.0013999997463542968,
        0.0015000005078036338,
        0.0014000015653437003,
        0.0013999997463542968,
        0.0015000005078036338,
        0.0015000005078036338,
        0.0014000015653437003,
        0.0013999997463542968,
        0.0015000005078036338,
        0.0013999997463542968,
        0.0013000008038943633,
        0.0015999994502635673,
        0.0013999997463542968,
        0.0015000005078036338,
        0.0013999997463542968,
        0.0018999999156221747,
        0.0015000005078036338,
        0.0014999986888142303,
        0.0014000015653437003,
        0.0017999991541728377,
        0.0015999994502635673,
        0.0013999997463542968,
        0.0013999997463542968,
        0.0013999997463542968,
        0.0015000005078036338,
        0.0013999997463542968,
        0.0013999997463542968,
        0.0013999997463542968,
        0.0014999986888142303,
        0.0015000005078036338,
        0.0014999986888142303,
        0.0013999997463542968,
        0.0014999986888142303,
        0.0015000005078036338,
        0.0015999994502635673,
        0.0013999997463542968,
        0.0015000005078036338,
        0.0013999997463542968,
        0.0013999997463542968,
        0.0013999997463542968,
        0.0013999997463542968,
        0.0015000005078036338,
        0.0014999986888142303,
        0.0017999991541728377,
        0.0018000009731622413,
        0.0014000015653437003,
        0.0015000005078036338,
        0.0013999997463542968,
        0.0013999997463542968,
        0.0013999997463542968,
        0.0013999997463542968,
        0.0015000005078036338,
        0.0017999991541728377,
        0.0016999983927235007,
        0.0014999986888142303,
        0.0013999997463542968,
        0.0014999986888142303,
        0.0013999997463542968,
        0.0017000002117129043,
        0.0014999986888142303,
        0.0015999994502635673,
        0.0013999997463542968,
        0.002099999619531445,
        0.0014000015653437003,
        0.0015000005078036338,
        0.0013999997463542968,
        0.0015999994502635673,
        0.0015000005078036338,
        0.0015999994502635673,
        0.0018000009731622413,
        0.0015000005078036338,
        0.0017000002117129043,
        0.0015000005078036338,
        0.0015000005078036338,
        0.0013999997463542968,
        0.0014000015653437003,
        0.0015000005078036338,
        0.0017999991541728377,
        0.0015000005078036338,
        0.0014999986888142303,
        0.0015000005078036338
      ],